target,min,max,mean,median,std,q01,q05,q25,q50,q75,q95,q99,raw_skew,log1p_skew
Total Alkalinity,4.8,361.676,119.10820776548665,113.3,74.69259139916726,5.0514600000000005,14.340900000000005,55.811,113.3,170.23000000000002,253.744,314.88605999999976,0.5362292415175353,-1.0449355612165936
Electrical Conductance,15.12,1506.0,485.004145920528,402.0,341.93773611936564,51.854,88.78,207.05,402.0,693.0,1210.1000000000004,1455.8199999999997,0.9294578953663082,-0.4311024677968806
Dissolved Reactive Phosphorus,5.0,195.0,43.525338019100765,20.0,50.980194231354815,10.0,10.0,10.0,20.0,48.0,166.0,191.0,1.644684901901927,0.8302068211924685
